,bnb,Christofides,Twice-around-the-tree
0,60.06122636795044,0.20621776580810547,0.02374720573425293
